fungi_train014909.jpg,Habitat
fungi_train014909.jpg,Latitude
fungi_train014909.jpg,Longitude
fungi_train014909.jpg,Substrate
fungi_train014909.jpg,eventDate
fungi_train015208.jpg,Habitat
fungi_train015208.jpg,Latitude
fungi_train015208.jpg,Longitude
fungi_train015208.jpg,Substrate
fungi_train015208.jpg,eventDate
fungi_train016148.jpg,Habitat
fungi_train016148.jpg,Latitude
fungi_train016148.jpg,Longitude
fungi_train016148.jpg,Substrate
fungi_train016148.jpg,eventDate
fungi_train016452.jpg,Habitat
fungi_train016452.jpg,Latitude
fungi_train016452.jpg,Longitude
fungi_train016452.jpg,Substrate
fungi_train016452.jpg,eventDate
fungi_train016539.jpg,Habitat
fungi_train016539.jpg,Latitude
fungi_train016539.jpg,Longitude
fungi_train016539.jpg,Substrate
fungi_train016539.jpg,eventDate
fungi_train017206.jpg,Habitat
fungi_train017206.jpg,Latitude
fungi_train017206.jpg,Longitude
fungi_train017206.jpg,Substrate
fungi_train017206.jpg,eventDate
fungi_train017310.jpg,Habitat
fungi_train017310.jpg,Latitude
fungi_train017310.jpg,Longitude
fungi_train017310.jpg,Substrate
fungi_train017310.jpg,eventDate
fungi_train017965.jpg,Habitat
fungi_train017965.jpg,Latitude
fungi_train017965.jpg,Longitude
fungi_train017965.jpg,Substrate
fungi_train017965.jpg,eventDate
fungi_train018190.jpg,Habitat
fungi_train018190.jpg,Latitude
fungi_train018190.jpg,Longitude
fungi_train018190.jpg,Substrate
fungi_train018190.jpg,eventDate
fungi_train018371.jpg,Habitat
fungi_train018371.jpg,Latitude
fungi_train018371.jpg,Longitude
fungi_train018371.jpg,Substrate
fungi_train018371.jpg,eventDate
fungi_train019242.jpg,Habitat
fungi_train019242.jpg,Latitude
fungi_train019242.jpg,Longitude
fungi_train019242.jpg,Substrate
fungi_train019242.jpg,eventDate
fungi_train019258.jpg,Habitat
fungi_train019258.jpg,Latitude
fungi_train019258.jpg,Longitude
fungi_train019258.jpg,Substrate
fungi_train019258.jpg,eventDate
fungi_train019353.jpg,Habitat
fungi_train019353.jpg,Latitude
fungi_train019353.jpg,Longitude
fungi_train019353.jpg,Substrate
fungi_train019353.jpg,eventDate
fungi_train019511.jpg,Habitat
fungi_train019511.jpg,Latitude
fungi_train019511.jpg,Longitude
fungi_train019511.jpg,Substrate
fungi_train019511.jpg,eventDate
fungi_train019604.jpg,Habitat
fungi_train019604.jpg,Latitude
fungi_train019604.jpg,Longitude
fungi_train019604.jpg,Substrate
fungi_train019604.jpg,eventDate
fungi_train019726.jpg,Habitat
fungi_train019726.jpg,Latitude
fungi_train019726.jpg,Longitude
fungi_train019726.jpg,Substrate
fungi_train019726.jpg,eventDate
fungi_train019876.jpg,Habitat
fungi_train019876.jpg,Latitude
fungi_train019876.jpg,Longitude
fungi_train019876.jpg,Substrate
fungi_train019876.jpg,eventDate
fungi_train020217.jpg,Habitat
fungi_train020217.jpg,Latitude
fungi_train020217.jpg,Longitude
fungi_train020217.jpg,Substrate
fungi_train020217.jpg,eventDate
fungi_train020222.jpg,Habitat
fungi_train020222.jpg,Latitude
fungi_train020222.jpg,Longitude
fungi_train020222.jpg,Substrate
fungi_train020222.jpg,eventDate
fungi_train020976.jpg,Habitat
fungi_train020976.jpg,Latitude
fungi_train020976.jpg,Longitude
fungi_train020976.jpg,Substrate
fungi_train020976.jpg,eventDate
fungi_train002601.jpg,Habitat
fungi_train002601.jpg,Latitude
fungi_train002601.jpg,Longitude
fungi_train002601.jpg,Substrate
fungi_train005221.jpg,Habitat
fungi_train005221.jpg,Latitude
fungi_train005221.jpg,Longitude
fungi_train005221.jpg,Substrate
fungi_train005860.jpg,Latitude
fungi_train005860.jpg,Longitude
fungi_train005860.jpg,Substrate
fungi_train005860.jpg,eventDate
fungi_train006698.jpg,Latitude
fungi_train006698.jpg,Longitude
fungi_train006698.jpg,Substrate
fungi_train006698.jpg,eventDate
fungi_train007523.jpg,Habitat
fungi_train007523.jpg,Latitude
fungi_train007523.jpg,Longitude
fungi_train007523.jpg,Substrate
fungi_train008494.jpg,Habitat
fungi_train008494.jpg,Latitude
fungi_train008494.jpg,Longitude
fungi_train008494.jpg,Substrate
fungi_train009299.jpg,Habitat
fungi_train009299.jpg,Latitude
fungi_train009299.jpg,Longitude
fungi_train009299.jpg,Substrate
fungi_train010267.jpg,Habitat
fungi_train010267.jpg,Latitude
fungi_train010267.jpg,Longitude
fungi_train010267.jpg,Substrate
fungi_train010312.jpg,Habitat
fungi_train010312.jpg,Latitude
fungi_train010312.jpg,Longitude
fungi_train010312.jpg,Substrate
fungi_train010917.jpg,Habitat
fungi_train010917.jpg,Latitude
fungi_train010917.jpg,Longitude
fungi_train010917.jpg,eventDate
fungi_train011216.jpg,Habitat
fungi_train011216.jpg,Latitude
fungi_train011216.jpg,Longitude
fungi_train011216.jpg,eventDate
fungi_train012349.jpg,Latitude
fungi_train012349.jpg,Longitude
fungi_train012349.jpg,Substrate
fungi_train012349.jpg,eventDate
fungi_train015321.jpg,Habitat
fungi_train015321.jpg,Latitude
fungi_train015321.jpg,Longitude
fungi_train015321.jpg,eventDate
fungi_train015562.jpg,Habitat
fungi_train015562.jpg,Latitude
fungi_train015562.jpg,Longitude
fungi_train015562.jpg,Substrate
fungi_train020229.jpg,Habitat
fungi_train020229.jpg,Latitude
fungi_train020229.jpg,Longitude
fungi_train020229.jpg,Substrate
fungi_train020390.jpg,Habitat
fungi_train020390.jpg,Latitude
fungi_train020390.jpg,Longitude
fungi_train020390.jpg,Substrate
fungi_train020749.jpg,Latitude
fungi_train020749.jpg,Longitude
fungi_train020749.jpg,Substrate
fungi_train020749.jpg,eventDate
fungi_train023073.jpg,Habitat
fungi_train023073.jpg,Latitude
fungi_train023073.jpg,Longitude
fungi_train023073.jpg,Substrate
fungi_train024222.jpg,Latitude
fungi_train024222.jpg,Longitude
fungi_train024222.jpg,Substrate
fungi_train024222.jpg,eventDate
fungi_train024414.jpg,Habitat
fungi_train024414.jpg,Latitude
fungi_train024414.jpg,Longitude
fungi_train024414.jpg,Substrate
fungi_train000367.jpg,Habitat
fungi_train000367.jpg,Substrate
fungi_train000367.jpg,eventDate
fungi_train002511.jpg,Habitat
fungi_train002511.jpg,Substrate
fungi_train002511.jpg,eventDate
fungi_train002628.jpg,Habitat
fungi_train002628.jpg,Substrate
fungi_train002628.jpg,eventDate
fungi_train002642.jpg,Habitat
fungi_train002642.jpg,Substrate
fungi_train002642.jpg,eventDate
fungi_train002709.jpg,Habitat
fungi_train002709.jpg,Substrate
fungi_train002709.jpg,eventDate
fungi_train002978.jpg,Habitat
fungi_train002978.jpg,Substrate
fungi_train002978.jpg,eventDate
fungi_train003203.jpg,Habitat
fungi_train003203.jpg,Substrate
fungi_train003203.jpg,eventDate
fungi_train003229.jpg,Habitat
fungi_train003229.jpg,Substrate
fungi_train003229.jpg,eventDate
fungi_train003680.jpg,Habitat
fungi_train003680.jpg,Substrate
fungi_train003680.jpg,eventDate
fungi_train004102.jpg,Habitat
fungi_train004102.jpg,Substrate
fungi_train004102.jpg,eventDate
fungi_train004128.jpg,Habitat
fungi_train004128.jpg,Substrate
fungi_train004128.jpg,eventDate
fungi_train004264.jpg,Habitat
fungi_train004264.jpg,Substrate
fungi_train004264.jpg,eventDate
fungi_train004468.jpg,Habitat
fungi_train004468.jpg,Substrate
fungi_train004468.jpg,eventDate
fungi_train004545.jpg,Habitat
fungi_train004545.jpg,Substrate
fungi_train004545.jpg,eventDate
fungi_train005743.jpg,Habitat
fungi_train005743.jpg,Substrate
fungi_train005743.jpg,eventDate
fungi_train006073.jpg,Habitat
fungi_train006073.jpg,Substrate
fungi_train006073.jpg,eventDate
fungi_train006899.jpg,Habitat
fungi_train006899.jpg,Substrate
fungi_train006899.jpg,eventDate
fungi_train007343.jpg,Habitat
fungi_train007343.jpg,Substrate
fungi_train007343.jpg,eventDate
fungi_train007707.jpg,Habitat
fungi_train007707.jpg,Substrate
fungi_train007707.jpg,eventDate
fungi_train008806.jpg,Habitat
fungi_train008806.jpg,Substrate
fungi_train008806.jpg,eventDate
fungi_train017666.jpg,Habitat
fungi_train017666.jpg,Substrate
fungi_train017666.jpg,eventDate
fungi_train017837.jpg,Habitat
fungi_train017837.jpg,Substrate
fungi_train017837.jpg,eventDate
fungi_train018025.jpg,Habitat
fungi_train018025.jpg,Substrate
fungi_train018025.jpg,eventDate
fungi_train018562.jpg,Habitat
fungi_train018562.jpg,Substrate
fungi_train018562.jpg,eventDate
fungi_train018622.jpg,Habitat
fungi_train018622.jpg,Substrate
fungi_train018622.jpg,eventDate
fungi_train019039.jpg,Habitat
fungi_train019039.jpg,Substrate
fungi_train019039.jpg,eventDate
fungi_train019145.jpg,Habitat
fungi_train019145.jpg,Substrate
fungi_train019145.jpg,eventDate
fungi_train019586.jpg,Habitat
fungi_train019586.jpg,Substrate
fungi_train019586.jpg,eventDate
fungi_train019890.jpg,Habitat
fungi_train019890.jpg,Substrate
fungi_train019890.jpg,eventDate
fungi_train021047.jpg,Habitat
fungi_train021047.jpg,Substrate
fungi_train021047.jpg,eventDate
fungi_train023903.jpg,Habitat
fungi_train023903.jpg,Substrate
fungi_train023903.jpg,eventDate
fungi_train024598.jpg,Habitat
fungi_train024598.jpg,Substrate
fungi_train024598.jpg,eventDate
fungi_train024852.jpg,Habitat
fungi_train024852.jpg,Substrate
fungi_train024852.jpg,eventDate
fungi_train024914.jpg,Habitat
fungi_train024914.jpg,Substrate
fungi_train024914.jpg,eventDate
fungi_train025030.jpg,Habitat
fungi_train025030.jpg,Substrate
fungi_train025030.jpg,eventDate
fungi_train025203.jpg,Habitat
fungi_train025203.jpg,Substrate
fungi_train025203.jpg,eventDate
fungi_train025662.jpg,Habitat
fungi_train025662.jpg,Substrate
fungi_train025662.jpg,eventDate
fungi_train025687.jpg,Habitat
fungi_train025687.jpg,Substrate
fungi_train025687.jpg,eventDate
fungi_train025836.jpg,Habitat
fungi_train025836.jpg,Substrate
fungi_train025836.jpg,eventDate
fungi_train025837.jpg,Habitat
fungi_train025837.jpg,Substrate
fungi_train025837.jpg,eventDate
fungi_train025854.jpg,Habitat
fungi_train025854.jpg,Substrate
fungi_train025854.jpg,eventDate
fungi_train000016.jpg,Habitat
fungi_train000016.jpg,Substrate
fungi_train000055.jpg,Habitat
fungi_train000055.jpg,Substrate
fungi_train000073.jpg,Habitat
fungi_train000073.jpg,Substrate
fungi_train000082.jpg,Habitat
fungi_train000082.jpg,Substrate
fungi_train000097.jpg,Habitat
fungi_train000097.jpg,Substrate
fungi_train000140.jpg,Habitat
fungi_train000140.jpg,Substrate
fungi_train000280.jpg,Habitat
fungi_train000280.jpg,Substrate
fungi_train000343.jpg,Habitat
fungi_train000343.jpg,Substrate
fungi_train000423.jpg,Habitat
fungi_train000423.jpg,Substrate
fungi_train000424.jpg,Habitat
fungi_train000424.jpg,Substrate
fungi_train000480.jpg,Habitat
fungi_train000480.jpg,Substrate
fungi_train000509.jpg,Habitat
fungi_train000509.jpg,Substrate
fungi_train000564.jpg,Habitat
fungi_train000564.jpg,Substrate
fungi_train000598.jpg,Habitat
fungi_train000598.jpg,Substrate
fungi_train000619.jpg,Habitat
fungi_train000619.jpg,Substrate
fungi_train000631.jpg,Habitat
fungi_train000631.jpg,Substrate
fungi_train000656.jpg,Habitat
fungi_train000656.jpg,Substrate
fungi_train000700.jpg,Habitat
fungi_train000700.jpg,Substrate
fungi_train000704.jpg,Habitat
fungi_train000704.jpg,Substrate
fungi_train000819.jpg,Habitat
fungi_train000819.jpg,Substrate
fungi_train000830.jpg,Habitat
fungi_train000830.jpg,Substrate
fungi_train000851.jpg,Habitat
fungi_train000851.jpg,Substrate
fungi_train000887.jpg,Habitat
fungi_train000887.jpg,Substrate
fungi_train000896.jpg,Habitat
fungi_train000896.jpg,Substrate
fungi_train000904.jpg,Habitat
fungi_train000904.jpg,Substrate
fungi_train000923.jpg,Habitat
fungi_train000923.jpg,Substrate
fungi_train000959.jpg,Habitat
fungi_train000959.jpg,Substrate
fungi_train000986.jpg,Habitat
fungi_train000986.jpg,Substrate
fungi_train001028.jpg,Habitat
fungi_train001028.jpg,Substrate
fungi_train001047.jpg,Habitat
fungi_train001047.jpg,Substrate
fungi_train001104.jpg,Habitat
fungi_train001104.jpg,Substrate
fungi_train001125.jpg,Habitat
fungi_train001125.jpg,Substrate
fungi_train001130.jpg,Habitat
fungi_train001130.jpg,Substrate
fungi_train001159.jpg,Habitat
fungi_train001159.jpg,Substrate
fungi_train001180.jpg,Habitat
fungi_train001180.jpg,Substrate
fungi_train001181.jpg,Habitat
fungi_train001181.jpg,Substrate
fungi_train001182.jpg,Habitat
fungi_train001182.jpg,Substrate
fungi_train001183.jpg,Habitat
fungi_train001183.jpg,Substrate
fungi_train001196.jpg,Habitat
fungi_train001196.jpg,Substrate
fungi_train001213.jpg,Habitat
fungi_train001213.jpg,Substrate
fungi_train001234.jpg,Habitat
fungi_train001234.jpg,Substrate
fungi_train001239.jpg,Habitat
fungi_train001239.jpg,Substrate
fungi_train001268.jpg,Habitat
fungi_train001268.jpg,Substrate
fungi_train001305.jpg,Habitat
fungi_train001305.jpg,Substrate
fungi_train001320.jpg,Habitat
fungi_train001320.jpg,Substrate
fungi_train001358.jpg,Habitat
fungi_train001358.jpg,Substrate
fungi_train001369.jpg,Habitat
fungi_train001369.jpg,Substrate
fungi_train001413.jpg,Habitat
fungi_train001413.jpg,Substrate
fungi_train001416.jpg,Habitat
fungi_train001416.jpg,Substrate
fungi_train001418.jpg,Habitat
fungi_train001418.jpg,Substrate
fungi_train001425.jpg,Habitat
fungi_train001425.jpg,Substrate
fungi_train001497.jpg,Habitat
fungi_train001497.jpg,Substrate
fungi_train001507.jpg,Habitat
fungi_train001507.jpg,Substrate
fungi_train001522.jpg,Habitat
fungi_train001522.jpg,Substrate
fungi_train001532.jpg,Habitat
fungi_train001532.jpg,Substrate
fungi_train001569.jpg,Habitat
fungi_train001569.jpg,Substrate
fungi_train001583.jpg,Habitat
fungi_train001583.jpg,Substrate
fungi_train001600.jpg,Habitat
fungi_train001600.jpg,Substrate
fungi_train001676.jpg,Habitat
fungi_train001676.jpg,Substrate
fungi_train001750.jpg,Habitat
fungi_train001750.jpg,Substrate
fungi_train001774.jpg,Habitat
fungi_train001774.jpg,Substrate
fungi_train001778.jpg,Habitat
fungi_train001778.jpg,Substrate
fungi_train001806.jpg,Habitat
fungi_train001806.jpg,Substrate
fungi_train001817.jpg,Habitat
fungi_train001817.jpg,Substrate
fungi_train001833.jpg,Habitat
fungi_train001833.jpg,Substrate
fungi_train001891.jpg,Habitat
fungi_train001891.jpg,Substrate
fungi_train001900.jpg,Habitat
fungi_train001900.jpg,Substrate
fungi_train001943.jpg,Habitat
fungi_train001943.jpg,Substrate
fungi_train001956.jpg,Habitat
fungi_train001956.jpg,Substrate
fungi_train001959.jpg,Habitat
fungi_train001959.jpg,Substrate
fungi_train001980.jpg,Habitat
fungi_train001980.jpg,Substrate
fungi_train001987.jpg,Habitat
fungi_train001987.jpg,Substrate
fungi_train001991.jpg,Habitat
fungi_train001991.jpg,Substrate
fungi_train002001.jpg,Habitat
fungi_train002001.jpg,Substrate
fungi_train002004.jpg,Habitat
fungi_train002004.jpg,Substrate
fungi_train002021.jpg,Habitat
fungi_train002021.jpg,Substrate
fungi_train002031.jpg,Habitat
fungi_train002031.jpg,Substrate
fungi_train002070.jpg,Habitat
fungi_train002070.jpg,Substrate
fungi_train002071.jpg,Habitat
fungi_train002071.jpg,Substrate
fungi_train002104.jpg,Habitat
fungi_train002104.jpg,Substrate
fungi_train002114.jpg,Habitat
fungi_train002114.jpg,Substrate
fungi_train002210.jpg,Habitat
fungi_train002210.jpg,Substrate
fungi_train002213.jpg,Habitat
fungi_train002213.jpg,Substrate
fungi_train002226.jpg,Habitat
fungi_train002226.jpg,Substrate
fungi_train002266.jpg,Habitat
fungi_train002266.jpg,Substrate
fungi_train002320.jpg,Habitat
fungi_train002320.jpg,Substrate
fungi_train002355.jpg,Habitat
fungi_train002355.jpg,Substrate
fungi_train002364.jpg,Habitat
fungi_train002364.jpg,Substrate
fungi_train002374.jpg,Habitat
fungi_train002374.jpg,Substrate
fungi_train002401.jpg,Habitat
fungi_train002401.jpg,Substrate
fungi_train002446.jpg,Habitat
fungi_train002446.jpg,Substrate
fungi_train002450.jpg,Habitat
fungi_train002450.jpg,Substrate
fungi_train002453.jpg,Habitat
fungi_train002453.jpg,Substrate
fungi_train002506.jpg,Habitat
fungi_train002506.jpg,Substrate
fungi_train002513.jpg,Habitat
fungi_train002513.jpg,Substrate
fungi_train002531.jpg,Habitat
fungi_train002531.jpg,Substrate
fungi_train002568.jpg,Habitat
fungi_train002568.jpg,Substrate
fungi_train002602.jpg,Habitat
fungi_train002602.jpg,Substrate
fungi_train002612.jpg,Habitat
fungi_train002612.jpg,Substrate
fungi_train002623.jpg,Habitat
fungi_train002623.jpg,Substrate
fungi_train002626.jpg,Habitat
fungi_train002626.jpg,Substrate
fungi_train002633.jpg,Habitat
fungi_train002633.jpg,Substrate
fungi_train002639.jpg,Habitat
fungi_train002639.jpg,Substrate
fungi_train002697.jpg,Habitat
fungi_train002697.jpg,Substrate
fungi_train002745.jpg,Habitat
fungi_train002745.jpg,Substrate
fungi_train002793.jpg,Habitat
fungi_train002793.jpg,Substrate
fungi_train002876.jpg,Habitat
fungi_train002876.jpg,Substrate
fungi_train002904.jpg,Habitat
fungi_train002904.jpg,Substrate
fungi_train002914.jpg,Habitat
fungi_train002914.jpg,Substrate
fungi_train002986.jpg,Habitat
fungi_train002986.jpg,Substrate
fungi_train003101.jpg,Habitat
fungi_train003101.jpg,Substrate
fungi_train003183.jpg,Habitat
fungi_train003183.jpg,Substrate
fungi_train003245.jpg,Habitat
fungi_train003245.jpg,Substrate
fungi_train003283.jpg,Habitat
fungi_train003283.jpg,Substrate
fungi_train003300.jpg,Habitat
fungi_train003300.jpg,Substrate
fungi_train003327.jpg,Habitat
fungi_train003327.jpg,Substrate
fungi_train003331.jpg,Habitat
fungi_train003331.jpg,Substrate
fungi_train003355.jpg,Habitat
fungi_train003355.jpg,Substrate
fungi_train003362.jpg,Habitat
fungi_train003362.jpg,Substrate
fungi_train003364.jpg,Habitat
fungi_train003364.jpg,Substrate
fungi_train003365.jpg,Habitat
fungi_train003365.jpg,Substrate
fungi_train003370.jpg,Habitat
fungi_train003370.jpg,Substrate
fungi_train003411.jpg,Habitat
fungi_train003411.jpg,Substrate
fungi_train003500.jpg,Habitat
fungi_train003500.jpg,Substrate
fungi_train003508.jpg,Habitat
fungi_train003508.jpg,Substrate
fungi_train003528.jpg,Habitat
fungi_train003528.jpg,Substrate
fungi_train003540.jpg,Habitat
fungi_train003540.jpg,Substrate
fungi_train003550.jpg,Habitat
fungi_train003550.jpg,Substrate
fungi_train003584.jpg,Habitat
fungi_train003584.jpg,Substrate
fungi_train003585.jpg,Habitat
fungi_train003585.jpg,Substrate
fungi_train003611.jpg,Habitat
fungi_train003611.jpg,Substrate
fungi_train003636.jpg,Habitat
fungi_train003636.jpg,Substrate
fungi_train003649.jpg,Habitat
fungi_train003649.jpg,Substrate
fungi_train003678.jpg,Habitat
fungi_train003678.jpg,Substrate
fungi_train003679.jpg,Habitat
fungi_train003679.jpg,Substrate
fungi_train003717.jpg,Habitat
fungi_train003717.jpg,Substrate
fungi_train003721.jpg,Habitat
fungi_train003721.jpg,Substrate
fungi_train003748.jpg,Substrate
fungi_train003748.jpg,eventDate
fungi_train003762.jpg,Habitat
fungi_train003762.jpg,Substrate
fungi_train003770.jpg,Habitat
fungi_train003770.jpg,Substrate
fungi_train003779.jpg,Habitat
fungi_train003779.jpg,Substrate
fungi_train003792.jpg,Habitat
fungi_train003792.jpg,Substrate
fungi_train003816.jpg,Habitat
fungi_train003816.jpg,Substrate
fungi_train003841.jpg,Habitat
fungi_train003841.jpg,Substrate
fungi_train003863.jpg,Habitat
fungi_train003863.jpg,Substrate
fungi_train003888.jpg,Habitat
fungi_train003888.jpg,eventDate
fungi_train003910.jpg,Habitat
fungi_train003910.jpg,Substrate
fungi_train003913.jpg,Habitat
fungi_train003913.jpg,Substrate
fungi_train003947.jpg,Habitat
fungi_train003947.jpg,Substrate
fungi_train003950.jpg,Habitat
fungi_train003950.jpg,Substrate
fungi_train003951.jpg,Habitat
fungi_train003951.jpg,Substrate
fungi_train003952.jpg,Habitat
fungi_train003952.jpg,Substrate
fungi_train003977.jpg,Habitat
fungi_train003977.jpg,Substrate
fungi_train003996.jpg,Habitat
fungi_train003996.jpg,Substrate
fungi_train003998.jpg,Habitat
fungi_train003998.jpg,Substrate
fungi_train004079.jpg,Habitat
fungi_train004079.jpg,Substrate
fungi_train004100.jpg,Habitat
fungi_train004100.jpg,Substrate
fungi_train004159.jpg,Habitat
fungi_train004159.jpg,Substrate
fungi_train004197.jpg,Habitat
fungi_train004197.jpg,Substrate
fungi_train004215.jpg,Habitat
fungi_train004215.jpg,Substrate
fungi_train004248.jpg,Habitat
fungi_train004248.jpg,Substrate
fungi_train004252.jpg,Habitat
fungi_train004252.jpg,Substrate
fungi_train004282.jpg,Habitat
fungi_train004282.jpg,Substrate
fungi_train004300.jpg,Habitat
fungi_train004300.jpg,Substrate
fungi_train004339.jpg,Habitat
fungi_train004339.jpg,Substrate
fungi_train004351.jpg,Habitat
fungi_train004351.jpg,Substrate
fungi_train004381.jpg,Habitat
fungi_train004381.jpg,Substrate
fungi_train004383.jpg,Habitat
fungi_train004383.jpg,Substrate
fungi_train004404.jpg,Habitat
fungi_train004404.jpg,Substrate
fungi_train004431.jpg,Habitat
fungi_train004431.jpg,Substrate
fungi_train004446.jpg,Habitat
fungi_train004446.jpg,Substrate
fungi_train004448.jpg,Habitat
fungi_train004448.jpg,eventDate
fungi_train004464.jpg,Habitat
fungi_train004464.jpg,Substrate
fungi_train004480.jpg,Habitat
fungi_train004480.jpg,Substrate
fungi_train004490.jpg,Habitat
fungi_train004490.jpg,Substrate
fungi_train004492.jpg,Habitat
fungi_train004492.jpg,Substrate
fungi_train004601.jpg,Habitat
fungi_train004601.jpg,Substrate
fungi_train004607.jpg,Habitat
fungi_train004607.jpg,Substrate
fungi_train004654.jpg,Habitat
fungi_train004654.jpg,Substrate
fungi_train004657.jpg,Habitat
fungi_train004657.jpg,Substrate
fungi_train004690.jpg,Habitat
fungi_train004690.jpg,Substrate
fungi_train004695.jpg,Habitat
fungi_train004695.jpg,Substrate
fungi_train004699.jpg,Habitat
fungi_train004699.jpg,Substrate
fungi_train004729.jpg,Habitat
fungi_train004729.jpg,Substrate
fungi_train004739.jpg,Habitat
fungi_train004739.jpg,Substrate
fungi_train004742.jpg,Habitat
fungi_train004742.jpg,Substrate
fungi_train004748.jpg,Habitat
fungi_train004748.jpg,Substrate
fungi_train004752.jpg,Habitat
fungi_train004752.jpg,eventDate
fungi_train004754.jpg,Habitat
fungi_train004754.jpg,Substrate
fungi_train004772.jpg,Habitat
fungi_train004772.jpg,Substrate
fungi_train004804.jpg,Habitat
fungi_train004804.jpg,Substrate
fungi_train004815.jpg,Habitat
fungi_train004815.jpg,Substrate
fungi_train004819.jpg,Habitat
fungi_train004819.jpg,Substrate
fungi_train004839.jpg,Habitat
fungi_train004839.jpg,Substrate
fungi_train004846.jpg,Habitat
fungi_train004846.jpg,Substrate
fungi_train004905.jpg,Habitat
fungi_train004905.jpg,Substrate
fungi_train004906.jpg,Habitat
fungi_train004906.jpg,Substrate
fungi_train004920.jpg,Habitat
fungi_train004920.jpg,Substrate
fungi_train004972.jpg,Habitat
fungi_train004972.jpg,Substrate
fungi_train004975.jpg,Habitat
fungi_train004975.jpg,Substrate
fungi_train005090.jpg,Habitat
fungi_train005090.jpg,Substrate
fungi_train005099.jpg,Habitat
fungi_train005099.jpg,Substrate
fungi_train005102.jpg,Habitat
fungi_train005102.jpg,Substrate
fungi_train005128.jpg,Habitat
fungi_train005128.jpg,Substrate
fungi_train005177.jpg,Habitat
fungi_train005177.jpg,Substrate
fungi_train005205.jpg,Habitat
fungi_train005205.jpg,Substrate
fungi_train005217.jpg,Habitat
fungi_train005217.jpg,Substrate
fungi_train005256.jpg,Habitat
fungi_train005256.jpg,Substrate
fungi_train005279.jpg,Habitat
fungi_train005279.jpg,eventDate
fungi_train005315.jpg,Habitat
fungi_train005315.jpg,Substrate
fungi_train005390.jpg,Habitat
fungi_train005390.jpg,Substrate
fungi_train005404.jpg,Habitat
fungi_train005404.jpg,Substrate
fungi_train005456.jpg,Habitat
fungi_train005456.jpg,Substrate
fungi_train005513.jpg,Habitat
fungi_train005513.jpg,Substrate
fungi_train005518.jpg,Habitat
fungi_train005518.jpg,Substrate
fungi_train005521.jpg,Habitat
fungi_train005521.jpg,Substrate
fungi_train005553.jpg,Habitat
fungi_train005553.jpg,Substrate
fungi_train005584.jpg,Habitat
fungi_train005584.jpg,Substrate
fungi_train005586.jpg,Habitat
fungi_train005586.jpg,Substrate
fungi_train005602.jpg,Habitat
fungi_train005602.jpg,Substrate
fungi_train005624.jpg,Habitat
fungi_train005624.jpg,Substrate
fungi_train005680.jpg,Habitat
fungi_train005680.jpg,Substrate
fungi_train005717.jpg,Habitat
fungi_train005717.jpg,Substrate
fungi_train005726.jpg,Habitat
fungi_train005726.jpg,Substrate
fungi_train005746.jpg,Habitat
fungi_train005746.jpg,Substrate
fungi_train005769.jpg,Habitat
fungi_train005769.jpg,Substrate
fungi_train005772.jpg,Habitat
fungi_train005772.jpg,Substrate
fungi_train005784.jpg,Habitat
fungi_train005784.jpg,Substrate
fungi_train005803.jpg,Habitat
fungi_train005803.jpg,Substrate
fungi_train005806.jpg,Habitat
fungi_train005806.jpg,Substrate
fungi_train005839.jpg,Habitat
fungi_train005839.jpg,Substrate
fungi_train005849.jpg,Habitat
fungi_train005849.jpg,Substrate
fungi_train005852.jpg,Habitat
fungi_train005852.jpg,Substrate
fungi_train005872.jpg,Habitat
fungi_train005872.jpg,Substrate
fungi_train005908.jpg,Habitat
fungi_train005908.jpg,Substrate
fungi_train005915.jpg,Habitat
fungi_train005915.jpg,Substrate
fungi_train005924.jpg,Habitat
fungi_train005924.jpg,Substrate
fungi_train005976.jpg,Habitat
fungi_train005976.jpg,Substrate
fungi_train005996.jpg,Habitat
fungi_train005996.jpg,Substrate
fungi_train006006.jpg,Habitat
fungi_train006006.jpg,Substrate
fungi_train006016.jpg,Habitat
fungi_train006016.jpg,Substrate
fungi_train006022.jpg,Habitat
fungi_train006022.jpg,Substrate
fungi_train006024.jpg,Habitat
fungi_train006024.jpg,Substrate
fungi_train006025.jpg,Habitat
fungi_train006025.jpg,Substrate
fungi_train006040.jpg,Habitat
fungi_train006040.jpg,Substrate
fungi_train006047.jpg,Habitat
fungi_train006047.jpg,Substrate
fungi_train006049.jpg,Habitat
fungi_train006049.jpg,Substrate
fungi_train006081.jpg,Habitat
fungi_train006081.jpg,Substrate
fungi_train006097.jpg,Habitat
fungi_train006097.jpg,Substrate
fungi_train006121.jpg,Habitat
fungi_train006121.jpg,Substrate
fungi_train006138.jpg,Habitat
fungi_train006138.jpg,Substrate
fungi_train006172.jpg,Habitat
fungi_train006172.jpg,Substrate
fungi_train006184.jpg,Habitat
fungi_train006184.jpg,Substrate
fungi_train006208.jpg,Habitat
fungi_train006208.jpg,Substrate
fungi_train006222.jpg,Habitat
fungi_train006222.jpg,Substrate
fungi_train006250.jpg,Habitat
fungi_train006250.jpg,Substrate
fungi_train006252.jpg,Habitat
fungi_train006252.jpg,Substrate
fungi_train006269.jpg,Habitat
fungi_train006269.jpg,Substrate
fungi_train006303.jpg,Habitat
fungi_train006303.jpg,Substrate
fungi_train006324.jpg,Habitat
fungi_train006324.jpg,Substrate
fungi_train006333.jpg,Habitat
fungi_train006333.jpg,Substrate
fungi_train006349.jpg,Habitat
fungi_train006349.jpg,Substrate
fungi_train006364.jpg,Habitat
fungi_train006364.jpg,Substrate
fungi_train006498.jpg,Habitat
fungi_train006498.jpg,Substrate
fungi_train006507.jpg,Habitat
fungi_train006507.jpg,Substrate
fungi_train006510.jpg,Habitat
fungi_train006510.jpg,Substrate
fungi_train006544.jpg,Habitat
fungi_train006544.jpg,Substrate
fungi_train006563.jpg,Habitat
fungi_train006563.jpg,Substrate
fungi_train006579.jpg,Habitat
fungi_train006579.jpg,Substrate
fungi_train006583.jpg,Habitat
fungi_train006583.jpg,Substrate
fungi_train006585.jpg,Habitat
fungi_train006585.jpg,Substrate
fungi_train006611.jpg,Habitat
fungi_train006611.jpg,Substrate
fungi_train006631.jpg,Habitat
fungi_train006631.jpg,Substrate
fungi_train006670.jpg,Habitat
fungi_train006670.jpg,Substrate
fungi_train006690.jpg,Habitat
fungi_train006690.jpg,Substrate
fungi_train006726.jpg,Habitat
fungi_train006726.jpg,Substrate
fungi_train006786.jpg,Habitat
fungi_train006786.jpg,Substrate
fungi_train006860.jpg,Habitat
fungi_train006860.jpg,Substrate
fungi_train006887.jpg,Habitat
fungi_train006887.jpg,Substrate
fungi_train006923.jpg,Habitat
fungi_train006923.jpg,Substrate
fungi_train006947.jpg,Habitat
fungi_train006947.jpg,Substrate
fungi_train007003.jpg,Habitat
fungi_train007003.jpg,Substrate
fungi_train007012.jpg,Habitat
fungi_train007012.jpg,Substrate
fungi_train007045.jpg,Habitat
fungi_train007045.jpg,Substrate
fungi_train007068.jpg,Habitat
fungi_train007068.jpg,Substrate
fungi_train007070.jpg,Habitat
fungi_train007070.jpg,Substrate
fungi_train007114.jpg,Habitat
fungi_train007114.jpg,Substrate
fungi_train007163.jpg,Habitat
fungi_train007163.jpg,Substrate
fungi_train007217.jpg,Habitat
fungi_train007217.jpg,Substrate
fungi_train007298.jpg,Habitat
fungi_train007298.jpg,Substrate
fungi_train007335.jpg,Habitat
fungi_train007335.jpg,Substrate
fungi_train007392.jpg,Habitat
fungi_train007392.jpg,Substrate
fungi_train007398.jpg,Habitat
fungi_train007398.jpg,Substrate
fungi_train007435.jpg,Habitat
fungi_train007435.jpg,Substrate
fungi_train007469.jpg,Habitat
fungi_train007469.jpg,Substrate
fungi_train007490.jpg,Habitat
fungi_train007490.jpg,Substrate
fungi_train007510.jpg,Habitat
fungi_train007510.jpg,Substrate
fungi_train007568.jpg,Habitat
fungi_train007568.jpg,Substrate
fungi_train007580.jpg,Habitat
fungi_train007580.jpg,Substrate
fungi_train007594.jpg,Habitat
fungi_train007594.jpg,Substrate
fungi_train007634.jpg,Habitat
fungi_train007634.jpg,Substrate
fungi_train007682.jpg,Habitat
fungi_train007682.jpg,Substrate
fungi_train007696.jpg,Habitat
fungi_train007696.jpg,Substrate
fungi_train007744.jpg,Habitat
fungi_train007744.jpg,Substrate
fungi_train007774.jpg,Habitat
fungi_train007774.jpg,Substrate
fungi_train007779.jpg,Habitat
fungi_train007779.jpg,Substrate
fungi_train007784.jpg,Habitat
fungi_train007784.jpg,Substrate
fungi_train007792.jpg,Habitat
fungi_train007792.jpg,Substrate
fungi_train007830.jpg,Habitat
fungi_train007830.jpg,Substrate
fungi_train007920.jpg,Habitat
fungi_train007920.jpg,Substrate
fungi_train007950.jpg,Habitat
fungi_train007950.jpg,Substrate
fungi_train008029.jpg,Habitat
fungi_train008029.jpg,Substrate
fungi_train008035.jpg,Habitat
fungi_train008035.jpg,Substrate
fungi_train008075.jpg,Habitat
fungi_train008075.jpg,Substrate
fungi_train008111.jpg,Habitat
fungi_train008111.jpg,Substrate
fungi_train008185.jpg,Habitat
fungi_train008185.jpg,Substrate
fungi_train008224.jpg,Habitat
fungi_train008224.jpg,Substrate
fungi_train008262.jpg,Habitat
fungi_train008262.jpg,Substrate
fungi_train008300.jpg,Habitat
fungi_train008300.jpg,Substrate
fungi_train008301.jpg,Habitat
fungi_train008301.jpg,Substrate
fungi_train008310.jpg,Habitat
fungi_train008310.jpg,Substrate
fungi_train008323.jpg,Habitat
fungi_train008323.jpg,Substrate
fungi_train008326.jpg,Habitat
fungi_train008326.jpg,Substrate
fungi_train008328.jpg,Habitat
fungi_train008328.jpg,Substrate
fungi_train008330.jpg,Habitat
fungi_train008330.jpg,Substrate
fungi_train008342.jpg,Habitat
fungi_train008342.jpg,Substrate
fungi_train008344.jpg,Habitat
fungi_train008344.jpg,Substrate
fungi_train008380.jpg,Habitat
fungi_train008380.jpg,Substrate
fungi_train008424.jpg,Habitat
fungi_train008424.jpg,Substrate
fungi_train008459.jpg,Habitat
fungi_train008459.jpg,Substrate
fungi_train008511.jpg,Habitat
fungi_train008511.jpg,Substrate
fungi_train008561.jpg,Habitat
fungi_train008561.jpg,Substrate
fungi_train008569.jpg,Habitat
fungi_train008569.jpg,Substrate
fungi_train008610.jpg,Habitat
fungi_train008610.jpg,Substrate
fungi_train008614.jpg,Habitat
fungi_train008614.jpg,Substrate
fungi_train008624.jpg,Habitat
fungi_train008624.jpg,Substrate
fungi_train008626.jpg,Habitat
fungi_train008626.jpg,Substrate
fungi_train008635.jpg,Habitat
fungi_train008635.jpg,Substrate
fungi_train008667.jpg,Habitat
fungi_train008667.jpg,Substrate
fungi_train008717.jpg,Habitat
fungi_train008717.jpg,Substrate
fungi_train008725.jpg,Habitat
fungi_train008725.jpg,Substrate
fungi_train008777.jpg,Habitat
fungi_train008777.jpg,Substrate
fungi_train008784.jpg,Habitat
fungi_train008784.jpg,Substrate
fungi_train008794.jpg,Habitat
fungi_train008794.jpg,Substrate
fungi_train008807.jpg,Habitat
fungi_train008807.jpg,Substrate
fungi_train008816.jpg,Habitat
fungi_train008816.jpg,Substrate
fungi_train008825.jpg,Habitat
fungi_train008825.jpg,Substrate
fungi_train008862.jpg,Habitat
fungi_train008862.jpg,Substrate
fungi_train008877.jpg,Habitat
fungi_train008877.jpg,Substrate
fungi_train008893.jpg,Habitat
fungi_train008893.jpg,Substrate
fungi_train008895.jpg,Habitat
fungi_train008895.jpg,Substrate
fungi_train008904.jpg,Habitat
fungi_train008904.jpg,Substrate
fungi_train008921.jpg,Habitat
fungi_train008921.jpg,Substrate
fungi_train008950.jpg,Habitat
fungi_train008950.jpg,Substrate
fungi_train008976.jpg,Habitat
fungi_train008976.jpg,Substrate
fungi_train008979.jpg,Habitat
fungi_train008979.jpg,Substrate
fungi_train008981.jpg,Habitat
fungi_train008981.jpg,Substrate
fungi_train009012.jpg,Habitat
fungi_train009012.jpg,Substrate
fungi_train009015.jpg,Habitat
fungi_train009015.jpg,Substrate
fungi_train009043.jpg,Habitat
fungi_train009043.jpg,Substrate
fungi_train009077.jpg,Habitat
fungi_train009077.jpg,Substrate
fungi_train009108.jpg,Habitat
fungi_train009108.jpg,Substrate
fungi_train009125.jpg,Habitat
fungi_train009125.jpg,Substrate
fungi_train009141.jpg,Habitat
fungi_train009141.jpg,Substrate
fungi_train009179.jpg,Habitat
fungi_train009179.jpg,Substrate
fungi_train009181.jpg,Habitat
fungi_train009181.jpg,Substrate
fungi_train009237.jpg,Habitat
fungi_train009237.jpg,Substrate
fungi_train009239.jpg,Habitat
fungi_train009239.jpg,Substrate
fungi_train009241.jpg,Habitat
fungi_train009241.jpg,Substrate
fungi_train009255.jpg,Habitat
fungi_train009255.jpg,Substrate
fungi_train009275.jpg,Habitat
fungi_train009275.jpg,Substrate
fungi_train009305.jpg,Habitat
fungi_train009305.jpg,Substrate
fungi_train009313.jpg,Habitat
fungi_train009313.jpg,Substrate
fungi_train009318.jpg,Habitat
fungi_train009318.jpg,Substrate
fungi_train009350.jpg,Habitat
fungi_train009350.jpg,Substrate
fungi_train009397.jpg,Habitat
fungi_train009397.jpg,Substrate
fungi_train009480.jpg,Habitat
fungi_train009480.jpg,Substrate
fungi_train009492.jpg,Habitat
fungi_train009492.jpg,Substrate
fungi_train009500.jpg,Habitat
fungi_train009500.jpg,Substrate
fungi_train009504.jpg,Habitat
fungi_train009504.jpg,Substrate
fungi_train009509.jpg,Habitat
fungi_train009509.jpg,Substrate
fungi_train009545.jpg,Habitat
fungi_train009545.jpg,Substrate
fungi_train009550.jpg,Habitat
fungi_train009550.jpg,Substrate
fungi_train009598.jpg,Habitat
fungi_train009598.jpg,Substrate
fungi_train009644.jpg,Habitat
fungi_train009644.jpg,Substrate
fungi_train009645.jpg,Habitat
fungi_train009645.jpg,Substrate
fungi_train009652.jpg,Habitat
fungi_train009652.jpg,Substrate
fungi_train009664.jpg,Habitat
fungi_train009664.jpg,Substrate
fungi_train009670.jpg,Habitat
fungi_train009670.jpg,Substrate
fungi_train009702.jpg,Habitat
fungi_train009702.jpg,Substrate
fungi_train009720.jpg,Habitat
fungi_train009720.jpg,Substrate
fungi_train009723.jpg,Habitat
fungi_train009723.jpg,Substrate
fungi_train009757.jpg,Habitat
fungi_train009757.jpg,Substrate
fungi_train009758.jpg,Habitat
fungi_train009758.jpg,Substrate
fungi_train009778.jpg,Habitat
fungi_train009778.jpg,Substrate
fungi_train009808.jpg,Habitat
fungi_train009808.jpg,Substrate
fungi_train009812.jpg,Habitat
fungi_train009812.jpg,Substrate
fungi_train009823.jpg,Habitat
fungi_train009823.jpg,Substrate
fungi_train009831.jpg,Habitat
fungi_train009831.jpg,Substrate
fungi_train009832.jpg,Habitat
fungi_train009832.jpg,Substrate
fungi_train009856.jpg,Habitat
fungi_train009856.jpg,eventDate
fungi_train009872.jpg,Habitat
fungi_train009872.jpg,Substrate
fungi_train009960.jpg,Habitat
fungi_train009960.jpg,Substrate
fungi_train009978.jpg,Habitat
fungi_train009978.jpg,Substrate
fungi_train009979.jpg,Habitat
fungi_train009979.jpg,Substrate
fungi_train009995.jpg,Habitat
fungi_train009995.jpg,eventDate
fungi_train009996.jpg,Habitat
fungi_train009996.jpg,Substrate
fungi_train009997.jpg,Habitat
fungi_train009997.jpg,Substrate
fungi_train010015.jpg,Habitat
fungi_train010015.jpg,Substrate
fungi_train010028.jpg,Habitat
fungi_train010028.jpg,Substrate
fungi_train010047.jpg,Habitat
fungi_train010047.jpg,Substrate
fungi_train010072.jpg,Habitat
fungi_train010072.jpg,Substrate
fungi_train010077.jpg,Habitat
fungi_train010077.jpg,Substrate
fungi_train010099.jpg,Habitat
fungi_train010099.jpg,Substrate
fungi_train010159.jpg,Habitat
fungi_train010159.jpg,Substrate
fungi_train010160.jpg,Habitat
fungi_train010160.jpg,Substrate
fungi_train010164.jpg,Habitat
fungi_train010164.jpg,Substrate
fungi_train010190.jpg,Habitat
fungi_train010190.jpg,Substrate
fungi_train010208.jpg,Habitat
fungi_train010208.jpg,Substrate
fungi_train010218.jpg,Habitat
fungi_train010218.jpg,Substrate
fungi_train010248.jpg,Habitat
fungi_train010248.jpg,Substrate
fungi_train010254.jpg,Habitat
fungi_train010254.jpg,Substrate
fungi_train010370.jpg,Habitat
fungi_train010370.jpg,Substrate
fungi_train010386.jpg,Habitat
fungi_train010386.jpg,Substrate
fungi_train010388.jpg,Habitat
fungi_train010388.jpg,Substrate
fungi_train010400.jpg,Habitat
fungi_train010400.jpg,Substrate
fungi_train010410.jpg,Habitat
fungi_train010410.jpg,Substrate
fungi_train010412.jpg,Habitat
fungi_train010412.jpg,Substrate
fungi_train010413.jpg,Habitat
fungi_train010413.jpg,Substrate
fungi_train010438.jpg,Habitat
fungi_train010438.jpg,Substrate
fungi_train010475.jpg,Habitat
fungi_train010475.jpg,Substrate
fungi_train010503.jpg,Habitat
fungi_train010503.jpg,Substrate
fungi_train010516.jpg,Habitat
fungi_train010516.jpg,Substrate
fungi_train010519.jpg,Habitat
fungi_train010519.jpg,Substrate
fungi_train010534.jpg,Habitat
fungi_train010534.jpg,Substrate
fungi_train010544.jpg,Habitat
fungi_train010544.jpg,Substrate
fungi_train010548.jpg,Habitat
fungi_train010548.jpg,Substrate
fungi_train010565.jpg,Habitat
fungi_train010565.jpg,Substrate
fungi_train010567.jpg,Habitat
fungi_train010567.jpg,Substrate
fungi_train010616.jpg,Habitat
fungi_train010616.jpg,Substrate
fungi_train010619.jpg,Habitat
fungi_train010619.jpg,Substrate
fungi_train010621.jpg,Habitat
fungi_train010621.jpg,eventDate
fungi_train010638.jpg,Habitat
fungi_train010638.jpg,Substrate
fungi_train010653.jpg,Habitat
fungi_train010653.jpg,Substrate
fungi_train010661.jpg,Habitat
fungi_train010661.jpg,Substrate
fungi_train010677.jpg,Habitat
fungi_train010677.jpg,Substrate
fungi_train010678.jpg,Habitat
fungi_train010678.jpg,Substrate
fungi_train010688.jpg,Habitat
fungi_train010688.jpg,Substrate
fungi_train010715.jpg,Habitat
fungi_train010715.jpg,Substrate
fungi_train010730.jpg,Habitat
fungi_train010730.jpg,Substrate
fungi_train010736.jpg,Habitat
fungi_train010736.jpg,Substrate
fungi_train010767.jpg,Habitat
fungi_train010767.jpg,Substrate
fungi_train010769.jpg,Habitat
fungi_train010769.jpg,Substrate
fungi_train010806.jpg,Habitat
fungi_train010806.jpg,Substrate
fungi_train010812.jpg,Habitat
fungi_train010812.jpg,Substrate
fungi_train010817.jpg,Habitat
fungi_train010817.jpg,Substrate
fungi_train010819.jpg,Habitat
fungi_train010819.jpg,Substrate
fungi_train010836.jpg,Habitat
fungi_train010836.jpg,Substrate
fungi_train010851.jpg,Habitat
fungi_train010851.jpg,Substrate
fungi_train010879.jpg,Habitat
fungi_train010879.jpg,Substrate
fungi_train010891.jpg,Habitat
fungi_train010891.jpg,Substrate
fungi_train010897.jpg,Habitat
fungi_train010897.jpg,Substrate
fungi_train010933.jpg,Habitat
fungi_train010933.jpg,Substrate
fungi_train010961.jpg,Habitat
fungi_train010961.jpg,Substrate
fungi_train011066.jpg,Habitat
fungi_train011066.jpg,Substrate
fungi_train011074.jpg,Habitat
fungi_train011074.jpg,Substrate
fungi_train011097.jpg,Habitat
fungi_train011097.jpg,Substrate
fungi_train011132.jpg,Habitat
fungi_train011132.jpg,Substrate
fungi_train011161.jpg,Habitat
fungi_train011161.jpg,Substrate
fungi_train011164.jpg,Habitat
fungi_train011164.jpg,Substrate
fungi_train011171.jpg,Habitat
fungi_train011171.jpg,Substrate
fungi_train011230.jpg,Habitat
fungi_train011230.jpg,Substrate
fungi_train011231.jpg,Habitat
fungi_train011231.jpg,Substrate
fungi_train011239.jpg,Habitat
fungi_train011239.jpg,Substrate
fungi_train011252.jpg,Habitat
fungi_train011252.jpg,Substrate
fungi_train011272.jpg,Habitat
fungi_train011272.jpg,Substrate
fungi_train011309.jpg,Habitat
fungi_train011309.jpg,Substrate
fungi_train011411.jpg,Habitat
fungi_train011411.jpg,Substrate
fungi_train011427.jpg,Habitat
fungi_train011427.jpg,Substrate
fungi_train011435.jpg,Habitat
fungi_train011435.jpg,Substrate
fungi_train011438.jpg,Habitat
fungi_train011438.jpg,Substrate
fungi_train011441.jpg,Habitat
fungi_train011441.jpg,Substrate
fungi_train011457.jpg,Habitat
fungi_train011457.jpg,Substrate
fungi_train011474.jpg,Habitat
fungi_train011474.jpg,Substrate
fungi_train011518.jpg,Habitat
fungi_train011518.jpg,Substrate
fungi_train011584.jpg,Habitat
fungi_train011584.jpg,Substrate
fungi_train011607.jpg,Habitat
fungi_train011607.jpg,Substrate
fungi_train011614.jpg,Habitat
fungi_train011614.jpg,Substrate
fungi_train011642.jpg,Habitat
fungi_train011642.jpg,Substrate
fungi_train011652.jpg,Habitat
fungi_train011652.jpg,Substrate
fungi_train011655.jpg,Habitat
fungi_train011655.jpg,Substrate
fungi_train011665.jpg,Habitat
fungi_train011665.jpg,eventDate
fungi_train011666.jpg,Habitat
fungi_train011666.jpg,Substrate
fungi_train011673.jpg,Habitat
fungi_train011673.jpg,Substrate
fungi_train011688.jpg,Habitat
fungi_train011688.jpg,Substrate
fungi_train011760.jpg,Habitat
fungi_train011760.jpg,Substrate
fungi_train011762.jpg,Habitat
fungi_train011762.jpg,Substrate
fungi_train011819.jpg,Habitat
fungi_train011819.jpg,Substrate
fungi_train011843.jpg,Habitat
fungi_train011843.jpg,Substrate
fungi_train011886.jpg,Habitat
fungi_train011886.jpg,Substrate
fungi_train011890.jpg,Habitat
fungi_train011890.jpg,Substrate
fungi_train011908.jpg,Habitat
fungi_train011908.jpg,Substrate
fungi_train012014.jpg,Habitat
fungi_train012014.jpg,Substrate
fungi_train012023.jpg,Habitat
fungi_train012023.jpg,Substrate
fungi_train012044.jpg,Habitat
fungi_train012044.jpg,Substrate
fungi_train012063.jpg,Habitat
fungi_train012063.jpg,Substrate
fungi_train012066.jpg,Habitat
fungi_train012066.jpg,Substrate
fungi_train012094.jpg,Habitat
fungi_train012094.jpg,Substrate
fungi_train012100.jpg,Habitat
fungi_train012100.jpg,Substrate
fungi_train012106.jpg,Habitat
fungi_train012106.jpg,Substrate
fungi_train012120.jpg,Habitat
fungi_train012120.jpg,Substrate
fungi_train012134.jpg,Habitat
fungi_train012134.jpg,Substrate
fungi_train012135.jpg,Habitat
fungi_train012135.jpg,Substrate
fungi_train012145.jpg,Habitat
fungi_train012145.jpg,Substrate
fungi_train012157.jpg,Habitat
fungi_train012157.jpg,Substrate
fungi_train012199.jpg,Habitat
fungi_train012199.jpg,Substrate
fungi_train012202.jpg,Habitat
fungi_train012202.jpg,Substrate
fungi_train012212.jpg,Habitat
fungi_train012212.jpg,Substrate
fungi_train012252.jpg,Habitat
fungi_train012252.jpg,Substrate
fungi_train012257.jpg,Habitat
fungi_train012257.jpg,Substrate
fungi_train012279.jpg,Habitat
fungi_train012279.jpg,Substrate
fungi_train012281.jpg,Habitat
fungi_train012281.jpg,Substrate
fungi_train012305.jpg,Habitat
fungi_train012305.jpg,Substrate
fungi_train012317.jpg,Habitat
fungi_train012317.jpg,Substrate
fungi_train012335.jpg,Habitat
fungi_train012335.jpg,Substrate
fungi_train012344.jpg,Habitat
fungi_train012344.jpg,Substrate
fungi_train012365.jpg,Habitat
fungi_train012365.jpg,Substrate
fungi_train012375.jpg,Habitat
fungi_train012375.jpg,Substrate
fungi_train012384.jpg,Habitat
fungi_train012384.jpg,Substrate
fungi_train012387.jpg,Habitat
fungi_train012387.jpg,Substrate
fungi_train012389.jpg,Habitat
fungi_train012389.jpg,Substrate
fungi_train012406.jpg,Habitat
fungi_train012406.jpg,Substrate
fungi_train012431.jpg,Habitat
fungi_train012431.jpg,Substrate
fungi_train012461.jpg,Habitat
fungi_train012461.jpg,Substrate
fungi_train012467.jpg,Habitat
fungi_train012467.jpg,Substrate
fungi_train012500.jpg,Habitat
fungi_train012500.jpg,Substrate
fungi_train012501.jpg,Habitat
fungi_train012501.jpg,Substrate
fungi_train012516.jpg,Habitat
fungi_train012516.jpg,Substrate
fungi_train012573.jpg,Habitat
fungi_train012573.jpg,Substrate
fungi_train012595.jpg,Habitat
fungi_train012595.jpg,Substrate
fungi_train012626.jpg,Habitat
fungi_train012626.jpg,Substrate
fungi_train012731.jpg,Habitat
fungi_train012731.jpg,Substrate
fungi_train012738.jpg,Habitat
fungi_train012738.jpg,Substrate
fungi_train012752.jpg,Habitat
fungi_train012752.jpg,Substrate
fungi_train012773.jpg,Habitat
fungi_train012773.jpg,Substrate
fungi_train012785.jpg,Habitat
fungi_train012785.jpg,Substrate
fungi_train012795.jpg,Habitat
fungi_train012795.jpg,Substrate
fungi_train012825.jpg,Habitat
fungi_train012825.jpg,Substrate
fungi_train012833.jpg,Habitat
fungi_train012833.jpg,Substrate
fungi_train012865.jpg,Habitat
fungi_train012865.jpg,Substrate
fungi_train012905.jpg,Habitat
fungi_train012905.jpg,Substrate
fungi_train012930.jpg,Habitat
fungi_train012930.jpg,Substrate
fungi_train012942.jpg,Habitat
fungi_train012942.jpg,Substrate
fungi_train013002.jpg,Habitat
fungi_train013002.jpg,Substrate
fungi_train013003.jpg,Habitat
fungi_train013003.jpg,Substrate
fungi_train013069.jpg,Habitat
fungi_train013069.jpg,Substrate
fungi_train013072.jpg,Habitat
fungi_train013072.jpg,Substrate
fungi_train013133.jpg,Habitat
fungi_train013133.jpg,Substrate
fungi_train013146.jpg,Habitat
fungi_train013146.jpg,Substrate
fungi_train013147.jpg,Habitat
fungi_train013147.jpg,Substrate
fungi_train013156.jpg,Habitat
fungi_train013156.jpg,Substrate
fungi_train013167.jpg,Habitat
fungi_train013167.jpg,Substrate
fungi_train013175.jpg,Habitat
fungi_train013175.jpg,Substrate
fungi_train013179.jpg,Habitat
fungi_train013179.jpg,Substrate
fungi_train013206.jpg,Habitat
fungi_train013206.jpg,Substrate
fungi_train013270.jpg,Habitat
fungi_train013270.jpg,Substrate
fungi_train013296.jpg,Habitat
fungi_train013296.jpg,Substrate
fungi_train013302.jpg,Habitat
fungi_train013302.jpg,Substrate
fungi_train013319.jpg,Habitat
fungi_train013319.jpg,Substrate
fungi_train013336.jpg,Habitat
fungi_train013336.jpg,Substrate
fungi_train013374.jpg,Habitat
fungi_train013374.jpg,Substrate
fungi_train013439.jpg,Habitat
fungi_train013439.jpg,Substrate
fungi_train013452.jpg,Habitat
fungi_train013452.jpg,Substrate
fungi_train013476.jpg,Habitat
fungi_train013476.jpg,Substrate
fungi_train013497.jpg,Habitat
fungi_train013497.jpg,Substrate
fungi_train013532.jpg,Habitat
fungi_train013532.jpg,Substrate
fungi_train013535.jpg,Habitat
fungi_train013535.jpg,Substrate
fungi_train013603.jpg,Habitat
fungi_train013603.jpg,Substrate
fungi_train013646.jpg,Habitat
fungi_train013646.jpg,Substrate
fungi_train013649.jpg,Habitat
fungi_train013649.jpg,Substrate
fungi_train013650.jpg,Habitat
fungi_train013650.jpg,Substrate
fungi_train013678.jpg,Habitat
fungi_train013678.jpg,Substrate
fungi_train013736.jpg,Habitat
fungi_train013736.jpg,Substrate
fungi_train013764.jpg,Habitat
fungi_train013764.jpg,Substrate
fungi_train013774.jpg,Habitat
fungi_train013774.jpg,Substrate
fungi_train013780.jpg,Habitat
fungi_train013780.jpg,Substrate
fungi_train013794.jpg,Habitat
fungi_train013794.jpg,Substrate
fungi_train013805.jpg,Habitat
fungi_train013805.jpg,Substrate
fungi_train013811.jpg,Habitat
fungi_train013811.jpg,Substrate
fungi_train013821.jpg,Habitat
fungi_train013821.jpg,Substrate
fungi_train013839.jpg,Habitat
fungi_train013839.jpg,Substrate
fungi_train013861.jpg,Habitat
fungi_train013861.jpg,Substrate
fungi_train013891.jpg,Habitat
fungi_train013891.jpg,Substrate
fungi_train013939.jpg,Habitat
fungi_train013939.jpg,Substrate
fungi_train013942.jpg,Habitat
fungi_train013942.jpg,Substrate
fungi_train013943.jpg,Habitat
fungi_train013943.jpg,Substrate
fungi_train013948.jpg,Habitat
fungi_train013948.jpg,Substrate
fungi_train013981.jpg,Habitat
fungi_train013981.jpg,Substrate
fungi_train013989.jpg,Habitat
fungi_train013989.jpg,Substrate
fungi_train014009.jpg,Habitat
fungi_train014009.jpg,Substrate
fungi_train014037.jpg,Habitat
fungi_train014037.jpg,Substrate
fungi_train014039.jpg,Habitat
fungi_train014039.jpg,Substrate
fungi_train014066.jpg,Habitat
fungi_train014066.jpg,Substrate
fungi_train014072.jpg,Habitat
fungi_train014072.jpg,Substrate
fungi_train014086.jpg,Habitat
fungi_train014086.jpg,Substrate
fungi_train014113.jpg,Habitat
fungi_train014113.jpg,Substrate
fungi_train014191.jpg,Habitat
fungi_train014191.jpg,Substrate
fungi_train014269.jpg,Habitat
fungi_train014269.jpg,Substrate
fungi_train014292.jpg,Habitat
fungi_train014292.jpg,Substrate
fungi_train014304.jpg,Habitat
fungi_train014304.jpg,Substrate
fungi_train014305.jpg,Habitat
fungi_train014305.jpg,Substrate
fungi_train014332.jpg,Habitat
fungi_train014332.jpg,Substrate
fungi_train014354.jpg,Habitat
fungi_train014354.jpg,Substrate
fungi_train014375.jpg,Habitat
fungi_train014375.jpg,Substrate
fungi_train014391.jpg,Habitat
fungi_train014391.jpg,Substrate
fungi_train014407.jpg,Habitat
fungi_train014407.jpg,Substrate
fungi_train014412.jpg,Habitat
fungi_train014412.jpg,Substrate
fungi_train014417.jpg,Habitat
fungi_train014417.jpg,Substrate
fungi_train014422.jpg,Habitat
fungi_train014422.jpg,Substrate
fungi_train014430.jpg,Habitat
fungi_train014430.jpg,Substrate
fungi_train014443.jpg,Habitat
fungi_train014443.jpg,Substrate
fungi_train014486.jpg,Habitat
fungi_train014486.jpg,Substrate
fungi_train014491.jpg,Habitat
fungi_train014491.jpg,Substrate
fungi_train014495.jpg,Habitat
fungi_train014495.jpg,Substrate
fungi_train014496.jpg,Habitat
fungi_train014496.jpg,Substrate
fungi_train014508.jpg,Habitat
fungi_train014508.jpg,Substrate
fungi_train014512.jpg,Habitat
fungi_train014512.jpg,Substrate
fungi_train014514.jpg,Habitat
fungi_train014514.jpg,Substrate
fungi_train014545.jpg,Habitat
fungi_train014545.jpg,Substrate
fungi_train014562.jpg,Habitat
fungi_train014562.jpg,Substrate
fungi_train014587.jpg,Habitat
fungi_train014587.jpg,Substrate
fungi_train014618.jpg,Habitat
fungi_train014618.jpg,Substrate
fungi_train014640.jpg,Habitat
fungi_train014640.jpg,Substrate
fungi_train014719.jpg,Habitat
fungi_train014719.jpg,Substrate
fungi_train014751.jpg,Habitat
fungi_train014751.jpg,Substrate
fungi_train014785.jpg,Habitat
fungi_train014785.jpg,Substrate
fungi_train014789.jpg,Habitat
fungi_train014789.jpg,Substrate
fungi_train014802.jpg,Habitat
fungi_train014802.jpg,Substrate
fungi_train014865.jpg,Habitat
fungi_train014865.jpg,Substrate
fungi_train014898.jpg,Habitat
fungi_train014898.jpg,Substrate
fungi_train014917.jpg,Habitat
fungi_train014917.jpg,Substrate
fungi_train014946.jpg,Habitat
fungi_train014946.jpg,Substrate
fungi_train014974.jpg,Habitat
fungi_train014974.jpg,Substrate
fungi_train014981.jpg,Habitat
fungi_train014981.jpg,Substrate
fungi_train015023.jpg,Habitat
fungi_train015023.jpg,Substrate
fungi_train015036.jpg,Habitat
fungi_train015036.jpg,Substrate
fungi_train015056.jpg,Habitat
fungi_train015056.jpg,Substrate
fungi_train015075.jpg,Habitat
fungi_train015075.jpg,Substrate
fungi_train015113.jpg,Habitat
fungi_train015113.jpg,Substrate
fungi_train015152.jpg,Habitat
fungi_train015152.jpg,Substrate
fungi_train015163.jpg,Habitat
fungi_train015163.jpg,Substrate
fungi_train015168.jpg,Habitat
fungi_train015168.jpg,Substrate
fungi_train015183.jpg,Habitat
fungi_train015183.jpg,Substrate
fungi_train015191.jpg,Habitat
fungi_train015191.jpg,Substrate
fungi_train015202.jpg,Habitat
fungi_train015202.jpg,Substrate
fungi_train015205.jpg,Habitat
fungi_train015205.jpg,Substrate
fungi_train015221.jpg,Habitat
fungi_train015221.jpg,Substrate
fungi_train015252.jpg,Habitat
fungi_train015252.jpg,Substrate
fungi_train015259.jpg,Habitat
fungi_train015259.jpg,Substrate
fungi_train015281.jpg,Habitat
fungi_train015281.jpg,Substrate
fungi_train015309.jpg,Habitat
fungi_train015309.jpg,Substrate
fungi_train015314.jpg,Habitat
fungi_train015314.jpg,Substrate
fungi_train015316.jpg,Habitat
fungi_train015316.jpg,Substrate
fungi_train015345.jpg,Habitat
fungi_train015345.jpg,Substrate
fungi_train015351.jpg,Habitat
fungi_train015351.jpg,Substrate
fungi_train015381.jpg,Habitat
fungi_train015381.jpg,Substrate
fungi_train015387.jpg,Habitat
fungi_train015387.jpg,Substrate
fungi_train015400.jpg,Habitat
fungi_train015400.jpg,Substrate
fungi_train015460.jpg,Habitat
fungi_train015460.jpg,Substrate
fungi_train015492.jpg,Habitat
fungi_train015492.jpg,Substrate
fungi_train015498.jpg,Habitat
fungi_train015498.jpg,Substrate
fungi_train015501.jpg,Habitat
fungi_train015501.jpg,Substrate
fungi_train015508.jpg,Habitat
fungi_train015508.jpg,Substrate
fungi_train015554.jpg,Habitat
fungi_train015554.jpg,Substrate
fungi_train015581.jpg,Habitat
fungi_train015581.jpg,Substrate
fungi_train015588.jpg,Habitat
fungi_train015588.jpg,Substrate
fungi_train015597.jpg,Habitat
fungi_train015597.jpg,Substrate
fungi_train015614.jpg,Habitat
fungi_train015614.jpg,Substrate
fungi_train015618.jpg,Habitat
fungi_train015618.jpg,Substrate
fungi_train015637.jpg,Habitat
fungi_train015637.jpg,Substrate
fungi_train015638.jpg,Habitat
fungi_train015638.jpg,Substrate
fungi_train015678.jpg,Habitat
fungi_train015678.jpg,Substrate
fungi_train015681.jpg,Habitat
fungi_train015681.jpg,Substrate
fungi_train015687.jpg,Habitat
fungi_train015687.jpg,Substrate
fungi_train015710.jpg,Habitat
fungi_train015710.jpg,Substrate
fungi_train015741.jpg,Habitat
fungi_train015741.jpg,Substrate
fungi_train015747.jpg,Habitat
fungi_train015747.jpg,Substrate
fungi_train015750.jpg,Habitat
fungi_train015750.jpg,Substrate
fungi_train015769.jpg,Habitat
fungi_train015769.jpg,Substrate
fungi_train015828.jpg,Habitat
fungi_train015828.jpg,Substrate
fungi_train015830.jpg,Habitat
fungi_train015830.jpg,Substrate
fungi_train015832.jpg,Habitat
fungi_train015832.jpg,Substrate
fungi_train015841.jpg,Habitat
fungi_train015841.jpg,Substrate
fungi_train015855.jpg,Habitat
fungi_train015855.jpg,Substrate
fungi_train015900.jpg,Habitat
fungi_train015900.jpg,Substrate
fungi_train015930.jpg,Habitat
fungi_train015930.jpg,Substrate
fungi_train015946.jpg,Habitat
fungi_train015946.jpg,Substrate
fungi_train015955.jpg,Habitat
fungi_train015955.jpg,Substrate
fungi_train016013.jpg,Habitat
fungi_train016013.jpg,Substrate
fungi_train016038.jpg,Habitat
fungi_train016038.jpg,Substrate
fungi_train016042.jpg,Habitat
fungi_train016042.jpg,Substrate
fungi_train016046.jpg,Habitat
fungi_train016046.jpg,Substrate
fungi_train016060.jpg,Habitat
fungi_train016060.jpg,Substrate
fungi_train016076.jpg,Habitat
fungi_train016076.jpg,Substrate
fungi_train016091.jpg,Habitat
fungi_train016091.jpg,Substrate
fungi_train016095.jpg,Habitat
fungi_train016095.jpg,Substrate
fungi_train016135.jpg,Habitat
fungi_train016135.jpg,Substrate
fungi_train016151.jpg,Habitat
fungi_train016151.jpg,Substrate
fungi_train016162.jpg,Habitat
fungi_train016162.jpg,Substrate
fungi_train016177.jpg,Habitat
fungi_train016177.jpg,Substrate
fungi_train016181.jpg,Habitat
fungi_train016181.jpg,Substrate
fungi_train016198.jpg,Habitat
fungi_train016198.jpg,Substrate
fungi_train016284.jpg,Habitat
fungi_train016284.jpg,Substrate
fungi_train016292.jpg,Habitat
fungi_train016292.jpg,Substrate
fungi_train016306.jpg,Habitat
fungi_train016306.jpg,Substrate
fungi_train016308.jpg,Habitat
fungi_train016308.jpg,Substrate
fungi_train016345.jpg,Habitat
fungi_train016345.jpg,Substrate
fungi_train016388.jpg,Habitat
fungi_train016388.jpg,Substrate
fungi_train016397.jpg,Habitat
fungi_train016397.jpg,Substrate
fungi_train016398.jpg,Habitat
fungi_train016398.jpg,Substrate
fungi_train016479.jpg,Habitat
fungi_train016479.jpg,Substrate
fungi_train016484.jpg,Habitat
fungi_train016484.jpg,Substrate
fungi_train016489.jpg,Habitat
fungi_train016489.jpg,Substrate
fungi_train016520.jpg,Habitat
fungi_train016520.jpg,Substrate
fungi_train016525.jpg,Habitat
fungi_train016525.jpg,Substrate
fungi_train016530.jpg,Habitat
fungi_train016530.jpg,eventDate
fungi_train016592.jpg,Habitat
fungi_train016592.jpg,Substrate
fungi_train016604.jpg,Habitat
fungi_train016604.jpg,Substrate
fungi_train016619.jpg,Habitat
fungi_train016619.jpg,Substrate
fungi_train016637.jpg,Habitat
fungi_train016637.jpg,Substrate
fungi_train016702.jpg,Habitat
fungi_train016702.jpg,Substrate
fungi_train016734.jpg,Habitat
fungi_train016734.jpg,Substrate
fungi_train016786.jpg,Habitat
fungi_train016786.jpg,Substrate
fungi_train016855.jpg,Habitat
fungi_train016855.jpg,Substrate
fungi_train016934.jpg,Habitat
fungi_train016934.jpg,Substrate
fungi_train016950.jpg,Habitat
fungi_train016950.jpg,Substrate
fungi_train017073.jpg,Habitat
fungi_train017073.jpg,Substrate
fungi_train017092.jpg,Habitat
fungi_train017092.jpg,Substrate
fungi_train017098.jpg,Habitat
fungi_train017098.jpg,Substrate
fungi_train017127.jpg,Habitat
fungi_train017127.jpg,Substrate
fungi_train017139.jpg,Habitat
fungi_train017139.jpg,Substrate
fungi_train017147.jpg,Habitat
fungi_train017147.jpg,Substrate
fungi_train017195.jpg,Habitat
fungi_train017195.jpg,Substrate
fungi_train017227.jpg,Habitat
fungi_train017227.jpg,Substrate
fungi_train017251.jpg,Habitat
fungi_train017251.jpg,Substrate
fungi_train017254.jpg,Habitat
fungi_train017254.jpg,Substrate
fungi_train017296.jpg,Habitat
fungi_train017296.jpg,Substrate
fungi_train017407.jpg,Habitat
fungi_train017407.jpg,Substrate
fungi_train017424.jpg,Habitat
fungi_train017424.jpg,Substrate
fungi_train017455.jpg,Habitat
fungi_train017455.jpg,Substrate
fungi_train017497.jpg,Habitat
fungi_train017497.jpg,Substrate
fungi_train017504.jpg,Habitat
fungi_train017504.jpg,Substrate
fungi_train017518.jpg,Habitat
fungi_train017518.jpg,Substrate
fungi_train017528.jpg,Habitat
fungi_train017528.jpg,Substrate
fungi_train017563.jpg,Habitat
fungi_train017563.jpg,Substrate
fungi_train017581.jpg,Habitat
fungi_train017581.jpg,Substrate
fungi_train017636.jpg,Habitat
fungi_train017636.jpg,Substrate
fungi_train017642.jpg,Habitat
fungi_train017642.jpg,Substrate
fungi_train017724.jpg,Habitat
fungi_train017724.jpg,Substrate
fungi_train017788.jpg,Habitat
fungi_train017788.jpg,Substrate
fungi_train017789.jpg,Habitat
fungi_train017789.jpg,Substrate
fungi_train017823.jpg,Habitat
fungi_train017823.jpg,Substrate
fungi_train017886.jpg,Habitat
fungi_train017886.jpg,Substrate
fungi_train017931.jpg,Habitat
fungi_train017931.jpg,Substrate
fungi_train017938.jpg,Habitat
fungi_train017938.jpg,Substrate
fungi_train018005.jpg,Habitat
fungi_train018005.jpg,Substrate
fungi_train018013.jpg,Habitat
fungi_train018013.jpg,Substrate
fungi_train018042.jpg,Habitat
fungi_train018042.jpg,Substrate
fungi_train018107.jpg,Habitat
fungi_train018107.jpg,Substrate
fungi_train018212.jpg,Habitat
fungi_train018212.jpg,Substrate
fungi_train018222.jpg,Habitat
fungi_train018222.jpg,Substrate
fungi_train018252.jpg,Habitat
fungi_train018252.jpg,Substrate
fungi_train018261.jpg,Habitat
fungi_train018261.jpg,Substrate
fungi_train018272.jpg,Habitat
fungi_train018272.jpg,Substrate
fungi_train018284.jpg,Habitat
fungi_train018284.jpg,Substrate
fungi_train018302.jpg,Habitat
fungi_train018302.jpg,Substrate
fungi_train018345.jpg,Habitat
fungi_train018345.jpg,Substrate
fungi_train018353.jpg,Habitat
fungi_train018353.jpg,Substrate
fungi_train018370.jpg,Habitat
fungi_train018370.jpg,Substrate
fungi_train018407.jpg,Habitat
fungi_train018407.jpg,Substrate
fungi_train018414.jpg,Habitat
fungi_train018414.jpg,Substrate
fungi_train018460.jpg,Habitat
fungi_train018460.jpg,Substrate
fungi_train018502.jpg,Habitat
fungi_train018502.jpg,Substrate
fungi_train018537.jpg,Habitat
fungi_train018537.jpg,Substrate
fungi_train018738.jpg,Habitat
fungi_train018738.jpg,Substrate
fungi_train018796.jpg,Habitat
fungi_train018796.jpg,Substrate
fungi_train018850.jpg,Habitat
fungi_train018850.jpg,Substrate
fungi_train018887.jpg,Habitat
fungi_train018887.jpg,Substrate
fungi_train018919.jpg,Habitat
fungi_train018919.jpg,Substrate
fungi_train018958.jpg,Habitat
fungi_train018958.jpg,Substrate
fungi_train018994.jpg,Habitat
fungi_train018994.jpg,Substrate
fungi_train019027.jpg,Habitat
fungi_train019027.jpg,Substrate
fungi_train019038.jpg,Habitat
fungi_train019038.jpg,Substrate
fungi_train019183.jpg,Habitat
fungi_train019183.jpg,Substrate
fungi_train019199.jpg,Habitat
fungi_train019199.jpg,Substrate
fungi_train019238.jpg,Habitat
fungi_train019238.jpg,Substrate
fungi_train019287.jpg,Habitat
fungi_train019287.jpg,Substrate
fungi_train019327.jpg,Habitat
fungi_train019327.jpg,Substrate
fungi_train019333.jpg,Habitat
fungi_train019333.jpg,Substrate
fungi_train019392.jpg,Habitat
fungi_train019392.jpg,Substrate
fungi_train019428.jpg,Habitat
fungi_train019428.jpg,Substrate
fungi_train019435.jpg,Habitat
fungi_train019435.jpg,Substrate
fungi_train019455.jpg,Habitat
fungi_train019455.jpg,Substrate
fungi_train019466.jpg,Habitat
fungi_train019466.jpg,Substrate
fungi_train019576.jpg,Habitat
fungi_train019576.jpg,Substrate
fungi_train019577.jpg,Habitat
fungi_train019577.jpg,Substrate
fungi_train019609.jpg,Habitat
fungi_train019609.jpg,Substrate
fungi_train019652.jpg,Habitat
fungi_train019652.jpg,Substrate
fungi_train019655.jpg,Habitat
fungi_train019655.jpg,Substrate
fungi_train019678.jpg,Habitat
fungi_train019678.jpg,Substrate
fungi_train019748.jpg,Habitat
fungi_train019748.jpg,Substrate
fungi_train019773.jpg,Habitat
fungi_train019773.jpg,Substrate
fungi_train019795.jpg,Habitat
fungi_train019795.jpg,Substrate
fungi_train019901.jpg,Habitat
fungi_train019901.jpg,Substrate
fungi_train019948.jpg,Habitat
fungi_train019948.jpg,Substrate
fungi_train019974.jpg,Habitat
fungi_train019974.jpg,Substrate
fungi_train020082.jpg,Habitat
fungi_train020082.jpg,Substrate
fungi_train020108.jpg,Habitat
fungi_train020108.jpg,Substrate
fungi_train020154.jpg,Habitat
fungi_train020154.jpg,Substrate
fungi_train020178.jpg,Habitat
fungi_train020178.jpg,Substrate
fungi_train020198.jpg,Habitat
fungi_train020198.jpg,Substrate
fungi_train020240.jpg,Habitat
fungi_train020240.jpg,Substrate
fungi_train020320.jpg,Habitat
fungi_train020320.jpg,Substrate
fungi_train020334.jpg,Habitat
fungi_train020334.jpg,Substrate
fungi_train020339.jpg,Habitat
fungi_train020339.jpg,Substrate
fungi_train020353.jpg,Habitat
fungi_train020353.jpg,Substrate
fungi_train020361.jpg,Habitat
fungi_train020361.jpg,Substrate
fungi_train020423.jpg,Habitat
fungi_train020423.jpg,Substrate
fungi_train020508.jpg,Habitat
fungi_train020508.jpg,Substrate
fungi_train020553.jpg,Habitat
fungi_train020553.jpg,Substrate
fungi_train020554.jpg,Habitat
fungi_train020554.jpg,Substrate
fungi_train020560.jpg,Habitat
fungi_train020560.jpg,Substrate
fungi_train020586.jpg,Habitat
fungi_train020586.jpg,Substrate
fungi_train020589.jpg,Habitat
fungi_train020589.jpg,Substrate
fungi_train020619.jpg,Habitat
fungi_train020619.jpg,Substrate
fungi_train020647.jpg,Habitat
fungi_train020647.jpg,Substrate
fungi_train020650.jpg,Habitat
fungi_train020650.jpg,Substrate
fungi_train020662.jpg,Habitat
fungi_train020662.jpg,Substrate
fungi_train020667.jpg,Habitat
fungi_train020667.jpg,Substrate
fungi_train020683.jpg,Habitat
fungi_train020683.jpg,Substrate
fungi_train020684.jpg,Habitat
fungi_train020684.jpg,Substrate
fungi_train020688.jpg,Habitat
fungi_train020688.jpg,Substrate
fungi_train020693.jpg,Habitat
fungi_train020693.jpg,Substrate
fungi_train020706.jpg,Habitat
fungi_train020706.jpg,Substrate
fungi_train020734.jpg,Habitat
fungi_train020734.jpg,eventDate
fungi_train020758.jpg,Habitat
fungi_train020758.jpg,Substrate
fungi_train020764.jpg,Habitat
fungi_train020764.jpg,Substrate
fungi_train020767.jpg,Habitat
fungi_train020767.jpg,Substrate
fungi_train020774.jpg,Habitat
fungi_train020774.jpg,Substrate
fungi_train020809.jpg,Habitat
fungi_train020809.jpg,Substrate
fungi_train020810.jpg,Habitat
fungi_train020810.jpg,Substrate
fungi_train020901.jpg,Habitat
fungi_train020901.jpg,Substrate
fungi_train020925.jpg,Habitat
fungi_train020925.jpg,Substrate
fungi_train020930.jpg,Habitat
fungi_train020930.jpg,Substrate
fungi_train020931.jpg,Habitat
fungi_train020931.jpg,Substrate
fungi_train020932.jpg,Habitat
fungi_train020932.jpg,Substrate
fungi_train020939.jpg,Habitat
fungi_train020939.jpg,Substrate
fungi_train020959.jpg,Habitat
fungi_train020959.jpg,Substrate
fungi_train021005.jpg,Habitat
fungi_train021005.jpg,eventDate
fungi_train021025.jpg,Habitat
fungi_train021025.jpg,Substrate
fungi_train021041.jpg,Habitat
fungi_train021041.jpg,Substrate
fungi_train021069.jpg,Habitat
fungi_train021069.jpg,Substrate
fungi_train021081.jpg,Habitat
fungi_train021081.jpg,Substrate
fungi_train021109.jpg,Habitat
fungi_train021109.jpg,Substrate
fungi_train021112.jpg,Habitat
fungi_train021112.jpg,Substrate
fungi_train021163.jpg,Habitat
fungi_train021163.jpg,Substrate
fungi_train021176.jpg,Habitat
fungi_train021176.jpg,Substrate
fungi_train021203.jpg,Habitat
fungi_train021203.jpg,Substrate
fungi_train021226.jpg,Habitat
fungi_train021226.jpg,Substrate
fungi_train021242.jpg,Habitat
fungi_train021242.jpg,Substrate
fungi_train021276.jpg,Habitat
fungi_train021276.jpg,Substrate
fungi_train021291.jpg,Habitat
fungi_train021291.jpg,Substrate
fungi_train021317.jpg,Habitat
fungi_train021317.jpg,Substrate
fungi_train021361.jpg,Habitat
fungi_train021361.jpg,Substrate
fungi_train021391.jpg,Habitat
fungi_train021391.jpg,Substrate
fungi_train021425.jpg,Habitat
fungi_train021425.jpg,Substrate
fungi_train021459.jpg,Habitat
fungi_train021459.jpg,Substrate
fungi_train021470.jpg,Habitat
fungi_train021470.jpg,Substrate
fungi_train021474.jpg,Habitat
fungi_train021474.jpg,Substrate
fungi_train021511.jpg,Habitat
fungi_train021511.jpg,Substrate
fungi_train021521.jpg,Habitat
fungi_train021521.jpg,Substrate
fungi_train021529.jpg,Habitat
fungi_train021529.jpg,Substrate
fungi_train021574.jpg,Habitat
fungi_train021574.jpg,Substrate
fungi_train021579.jpg,Habitat
fungi_train021579.jpg,Substrate
fungi_train021597.jpg,Habitat
fungi_train021597.jpg,Substrate
fungi_train021603.jpg,Habitat
fungi_train021603.jpg,Substrate
fungi_train021607.jpg,Habitat
fungi_train021607.jpg,Substrate
fungi_train021633.jpg,Habitat
fungi_train021633.jpg,Substrate
fungi_train021642.jpg,Habitat
fungi_train021642.jpg,Substrate
fungi_train021663.jpg,Habitat
fungi_train021663.jpg,Substrate
fungi_train021677.jpg,Habitat
fungi_train021677.jpg,Substrate
fungi_train021700.jpg,Habitat
fungi_train021700.jpg,Substrate
fungi_train021705.jpg,Habitat
fungi_train021705.jpg,Substrate
fungi_train021724.jpg,Habitat
fungi_train021724.jpg,Substrate
fungi_train021767.jpg,Habitat
fungi_train021767.jpg,Substrate
fungi_train021773.jpg,Habitat
fungi_train021773.jpg,Substrate
fungi_train021780.jpg,Habitat
fungi_train021780.jpg,Substrate
fungi_train021781.jpg,Habitat
fungi_train021781.jpg,Substrate
fungi_train021816.jpg,Habitat
fungi_train021816.jpg,Substrate
fungi_train021855.jpg,Habitat
fungi_train021855.jpg,Substrate
fungi_train021858.jpg,Habitat
fungi_train021858.jpg,Substrate
fungi_train021865.jpg,Habitat
fungi_train021865.jpg,Substrate
fungi_train021873.jpg,Habitat
fungi_train021873.jpg,Substrate
fungi_train021917.jpg,Habitat
fungi_train021917.jpg,Substrate
fungi_train021918.jpg,Habitat
fungi_train021918.jpg,Substrate
fungi_train021920.jpg,Habitat
fungi_train021920.jpg,Substrate
fungi_train021921.jpg,Habitat
fungi_train021921.jpg,Substrate
fungi_train021923.jpg,Habitat
fungi_train021923.jpg,Substrate
fungi_train021941.jpg,Habitat
fungi_train021941.jpg,Substrate
fungi_train021962.jpg,Habitat
fungi_train021962.jpg,Substrate
fungi_train022011.jpg,Habitat
fungi_train022011.jpg,Substrate
fungi_train022037.jpg,Habitat
fungi_train022037.jpg,Substrate
fungi_train022083.jpg,Habitat
fungi_train022083.jpg,Substrate
fungi_train022093.jpg,Habitat
fungi_train022093.jpg,Substrate
fungi_train022119.jpg,Habitat
fungi_train022119.jpg,Substrate
fungi_train022160.jpg,Habitat
fungi_train022160.jpg,Substrate
fungi_train022198.jpg,Habitat
fungi_train022198.jpg,Substrate
fungi_train022212.jpg,Habitat
fungi_train022212.jpg,Substrate
fungi_train022238.jpg,Habitat
fungi_train022238.jpg,Substrate
fungi_train022280.jpg,Habitat
fungi_train022280.jpg,Substrate
fungi_train022330.jpg,Habitat
fungi_train022330.jpg,Substrate
fungi_train022332.jpg,Habitat
fungi_train022332.jpg,Substrate
fungi_train022333.jpg,Habitat
fungi_train022333.jpg,Substrate
fungi_train022351.jpg,Habitat
fungi_train022351.jpg,Substrate
fungi_train022366.jpg,Habitat
fungi_train022366.jpg,Substrate
fungi_train022430.jpg,Habitat
fungi_train022430.jpg,Substrate
fungi_train022437.jpg,Habitat
fungi_train022437.jpg,Substrate
fungi_train022468.jpg,Habitat
fungi_train022468.jpg,Substrate
fungi_train022498.jpg,Habitat
fungi_train022498.jpg,Substrate
fungi_train022506.jpg,Habitat
fungi_train022506.jpg,Substrate
fungi_train022508.jpg,Habitat
fungi_train022508.jpg,Substrate
fungi_train022563.jpg,Habitat
fungi_train022563.jpg,Substrate
fungi_train022567.jpg,Habitat
fungi_train022567.jpg,Substrate
fungi_train022583.jpg,Habitat
fungi_train022583.jpg,Substrate
fungi_train022639.jpg,Habitat
fungi_train022639.jpg,Substrate
fungi_train022693.jpg,Habitat
fungi_train022693.jpg,Substrate
fungi_train022799.jpg,Habitat
fungi_train022799.jpg,Substrate
fungi_train022837.jpg,Habitat
fungi_train022837.jpg,Substrate
fungi_train022951.jpg,Habitat
fungi_train022951.jpg,Substrate
fungi_train022970.jpg,Habitat
fungi_train022970.jpg,Substrate
fungi_train023000.jpg,Habitat
fungi_train023000.jpg,Substrate
fungi_train023068.jpg,Habitat
fungi_train023068.jpg,Substrate
fungi_train023081.jpg,Habitat
fungi_train023081.jpg,Substrate
fungi_train023093.jpg,Habitat
fungi_train023093.jpg,Substrate
fungi_train023128.jpg,Habitat
fungi_train023128.jpg,Substrate
fungi_train023150.jpg,Habitat
fungi_train023150.jpg,Substrate
fungi_train023196.jpg,Habitat
fungi_train023196.jpg,Substrate
fungi_train023197.jpg,Habitat
fungi_train023197.jpg,Substrate
fungi_train023245.jpg,Habitat
fungi_train023245.jpg,Substrate
fungi_train023248.jpg,Habitat
fungi_train023248.jpg,Substrate
fungi_train023254.jpg,Habitat
fungi_train023254.jpg,Substrate
fungi_train023291.jpg,Habitat
fungi_train023291.jpg,Substrate
fungi_train023301.jpg,Habitat
fungi_train023301.jpg,Substrate
fungi_train023320.jpg,Habitat
fungi_train023320.jpg,eventDate
fungi_train023336.jpg,Habitat
fungi_train023336.jpg,Substrate
fungi_train023380.jpg,Habitat
fungi_train023380.jpg,Substrate
fungi_train023443.jpg,Habitat
fungi_train023443.jpg,Substrate
fungi_train023474.jpg,Habitat
fungi_train023474.jpg,Substrate
fungi_train023483.jpg,Habitat
fungi_train023483.jpg,Substrate
fungi_train023498.jpg,Habitat
fungi_train023498.jpg,Substrate
fungi_train023543.jpg,Habitat
fungi_train023543.jpg,Substrate
fungi_train023582.jpg,Habitat
fungi_train023582.jpg,Substrate
fungi_train023705.jpg,Habitat
fungi_train023705.jpg,Substrate
fungi_train023719.jpg,Habitat
fungi_train023719.jpg,Substrate
fungi_train023746.jpg,Habitat
fungi_train023746.jpg,Substrate
fungi_train023799.jpg,Habitat
fungi_train023799.jpg,Substrate
fungi_train023855.jpg,Habitat
fungi_train023855.jpg,Substrate
fungi_train023858.jpg,Habitat
fungi_train023858.jpg,Substrate
fungi_train023865.jpg,Habitat
fungi_train023865.jpg,Substrate
fungi_train023878.jpg,Habitat
fungi_train023878.jpg,Substrate
fungi_train023909.jpg,Habitat
fungi_train023909.jpg,Substrate
fungi_train023922.jpg,Habitat
fungi_train023922.jpg,Substrate
fungi_train023945.jpg,Habitat
fungi_train023945.jpg,eventDate
fungi_train023968.jpg,Habitat
fungi_train023968.jpg,Substrate
fungi_train023974.jpg,Habitat
fungi_train023974.jpg,Substrate
fungi_train023980.jpg,Habitat
fungi_train023980.jpg,Substrate
fungi_train024001.jpg,Habitat
fungi_train024001.jpg,Substrate
fungi_train024034.jpg,Habitat
fungi_train024034.jpg,Substrate
fungi_train024121.jpg,Habitat
fungi_train024121.jpg,Substrate
fungi_train024160.jpg,Habitat
fungi_train024160.jpg,Substrate
fungi_train024178.jpg,Habitat
fungi_train024178.jpg,Substrate
fungi_train024189.jpg,Habitat
fungi_train024189.jpg,Substrate
fungi_train024211.jpg,Habitat
fungi_train024211.jpg,Substrate
fungi_train024219.jpg,Habitat
fungi_train024219.jpg,Substrate
fungi_train024229.jpg,Habitat
fungi_train024229.jpg,Substrate
fungi_train024232.jpg,Habitat
fungi_train024232.jpg,Substrate
fungi_train024319.jpg,Habitat
fungi_train024319.jpg,Substrate
fungi_train024321.jpg,Habitat
fungi_train024321.jpg,eventDate
fungi_train024331.jpg,Habitat
fungi_train024331.jpg,Substrate
fungi_train024364.jpg,Habitat
fungi_train024364.jpg,Substrate
fungi_train024367.jpg,Habitat
fungi_train024367.jpg,Substrate
fungi_train024389.jpg,Habitat
fungi_train024389.jpg,Substrate
fungi_train024419.jpg,Habitat
fungi_train024419.jpg,Substrate
fungi_train024442.jpg,Habitat
fungi_train024442.jpg,Substrate
fungi_train024514.jpg,Habitat
fungi_train024514.jpg,Substrate
fungi_train024515.jpg,Habitat
fungi_train024515.jpg,Substrate
fungi_train024642.jpg,Habitat
fungi_train024642.jpg,Substrate
fungi_train024664.jpg,Habitat
fungi_train024664.jpg,Substrate
fungi_train024717.jpg,Habitat
fungi_train024717.jpg,Substrate
fungi_train024719.jpg,Habitat
fungi_train024719.jpg,Substrate
fungi_train024724.jpg,Habitat
fungi_train024724.jpg,Substrate
fungi_train024730.jpg,Habitat
fungi_train024730.jpg,Substrate
fungi_train024761.jpg,Habitat
fungi_train024761.jpg,Substrate
fungi_train024776.jpg,Habitat
fungi_train024776.jpg,Substrate
fungi_train024907.jpg,Habitat
fungi_train024907.jpg,Substrate
fungi_train024934.jpg,Habitat
fungi_train024934.jpg,Substrate
fungi_train025019.jpg,Habitat
fungi_train025019.jpg,Substrate
fungi_train025020.jpg,Habitat
fungi_train025020.jpg,Substrate
fungi_train025024.jpg,Habitat
fungi_train025024.jpg,Substrate
fungi_train025026.jpg,Habitat
fungi_train025026.jpg,Substrate
fungi_train025075.jpg,Habitat
fungi_train025075.jpg,Substrate
fungi_train025086.jpg,Habitat
fungi_train025086.jpg,Substrate
fungi_train025140.jpg,Habitat
fungi_train025140.jpg,Substrate
fungi_train025188.jpg,Habitat
fungi_train025188.jpg,Substrate
fungi_train025200.jpg,Habitat
fungi_train025200.jpg,Substrate
fungi_train025211.jpg,Habitat
fungi_train025211.jpg,Substrate
fungi_train025270.jpg,Habitat
fungi_train025270.jpg,Substrate
fungi_train025310.jpg,Habitat
fungi_train025310.jpg,Substrate
fungi_train025373.jpg,Habitat
fungi_train025373.jpg,Substrate
fungi_train025399.jpg,Habitat
fungi_train025399.jpg,Substrate
fungi_train025476.jpg,Habitat
fungi_train025476.jpg,Substrate
fungi_train025503.jpg,Habitat
fungi_train025503.jpg,Substrate
fungi_train025602.jpg,Habitat
fungi_train025602.jpg,Substrate
fungi_train025605.jpg,Habitat
fungi_train025605.jpg,Substrate
fungi_train025611.jpg,Habitat
fungi_train025611.jpg,Substrate
fungi_train025624.jpg,Habitat
fungi_train025624.jpg,Substrate
fungi_train025665.jpg,Habitat
fungi_train025665.jpg,Substrate
fungi_train025714.jpg,Habitat
fungi_train025714.jpg,Substrate
fungi_train025730.jpg,Habitat
fungi_train025730.jpg,Substrate
fungi_train025783.jpg,Habitat
fungi_train025783.jpg,Substrate
fungi_train025808.jpg,Habitat
fungi_train025808.jpg,Substrate
fungi_train025812.jpg,Substrate
fungi_train025812.jpg,eventDate
fungi_train025830.jpg,Habitat
fungi_train025830.jpg,Substrate
fungi_train025858.jpg,Habitat
fungi_train025858.jpg,Substrate
fungi_train000173.jpg,Substrate
fungi_train000745.jpg,Habitat
fungi_train000794.jpg,Substrate
fungi_train000809.jpg,Substrate
fungi_train001567.jpg,Substrate
fungi_train002124.jpg,Substrate
fungi_train002816.jpg,Habitat
fungi_train003025.jpg,Substrate
fungi_train003328.jpg,Substrate
fungi_train004310.jpg,Habitat
fungi_train004620.jpg,Substrate
fungi_train004653.jpg,Substrate
fungi_train005474.jpg,Substrate
fungi_train006023.jpg,Substrate
fungi_train006054.jpg,Substrate
fungi_train006360.jpg,Habitat
fungi_train008369.jpg,Substrate
fungi_train008811.jpg,Habitat
fungi_train009581.jpg,Substrate
fungi_train009840.jpg,Substrate
fungi_train009865.jpg,Habitat
fungi_train009964.jpg,Habitat
fungi_train009966.jpg,Habitat
fungi_train010098.jpg,Substrate
fungi_train010246.jpg,Substrate
fungi_train010613.jpg,Substrate
fungi_train011639.jpg,Substrate
fungi_train012171.jpg,Substrate
fungi_train012499.jpg,Substrate
fungi_train012815.jpg,Habitat
fungi_train013739.jpg,Substrate
fungi_train014127.jpg,Substrate
fungi_train014688.jpg,Substrate
fungi_train015223.jpg,Habitat
fungi_train015890.jpg,Substrate
fungi_train015999.jpg,Habitat
fungi_train016001.jpg,Substrate
fungi_train016511.jpg,Substrate
fungi_train016732.jpg,Substrate
fungi_train018159.jpg,Substrate
fungi_train018577.jpg,Substrate
fungi_train019084.jpg,Habitat
fungi_train020520.jpg,Substrate
fungi_train020873.jpg,Habitat
fungi_train023276.jpg,Substrate
fungi_train023430.jpg,Substrate
fungi_train023566.jpg,Substrate
fungi_train024876.jpg,Substrate
fungi_train025840.jpg,Substrate
fungi_train002022.jpg,Habitat
fungi_train002022.jpg,Latitude
fungi_train002022.jpg,Longitude
fungi_train002022.jpg,Substrate
fungi_train002022.jpg,eventDate
fungi_train002267.jpg,Habitat
fungi_train002267.jpg,Latitude
fungi_train002267.jpg,Longitude
fungi_train002267.jpg,Substrate
fungi_train002267.jpg,eventDate
fungi_train002588.jpg,Habitat
fungi_train002588.jpg,Latitude
fungi_train002588.jpg,Longitude
fungi_train002588.jpg,Substrate
fungi_train002588.jpg,eventDate
fungi_train003939.jpg,Habitat
fungi_train003939.jpg,Latitude
fungi_train003939.jpg,Longitude
fungi_train003939.jpg,Substrate
fungi_train003939.jpg,eventDate
fungi_train004247.jpg,Habitat
fungi_train004247.jpg,Latitude
fungi_train004247.jpg,Longitude
fungi_train004247.jpg,Substrate
fungi_train004247.jpg,eventDate
fungi_train004890.jpg,Habitat
fungi_train004890.jpg,Latitude
fungi_train004890.jpg,Longitude
fungi_train004890.jpg,Substrate
fungi_train004890.jpg,eventDate
fungi_train004896.jpg,Habitat
fungi_train004896.jpg,Latitude
fungi_train004896.jpg,Longitude
fungi_train004896.jpg,Substrate
fungi_train004896.jpg,eventDate
fungi_train005009.jpg,Habitat
fungi_train005009.jpg,Latitude
fungi_train005009.jpg,Longitude
fungi_train005009.jpg,Substrate
fungi_train005009.jpg,eventDate
fungi_train005077.jpg,Habitat
fungi_train005077.jpg,Latitude
fungi_train005077.jpg,Longitude
fungi_train005077.jpg,Substrate
fungi_train005077.jpg,eventDate
fungi_train007191.jpg,Habitat
fungi_train007191.jpg,Latitude
fungi_train007191.jpg,Longitude
fungi_train007191.jpg,Substrate
fungi_train007191.jpg,eventDate
